algorithm,full_train_time,full_predict_time,full_y_train_accuracy,full_y_test_accuracy,early_train_time,early_predict_time,early_y_train_accuracy,early_y_test_accuracy
random_hill_climb,2.0263208609360914,0.002218008041381836,0.4250702568459578,0.3872229465449805,2.0663700653956485,0.002066208766056941,0.4036991046336841,0.37235984354628415
simulated_annealing,2.358424874452444,0.0022054268763615536,0.4037317822364551,0.3761408083441982,2.391611539400541,0.002230965174161471,0.40422194627802105,0.3704041720990874
genetic_alg,3.97820930603223,0.0022006646180764223,0.41354595560203034,0.3818339852238158,1.9257409572601318,0.002318895780123197,0.4126745528614687,0.37818339852238153
gradient_descent,3.692215309693263,0.002142672355358417,0.41889418992222754,0.38461538461538447,1.5215653639573317,0.0022800656465383675,0.41825697666819195,0.3819426336375486
